{
  "Ground": [
    {
      "id": 3,
      "height": 16.6666666666665,
      "width": 95.6666666666666,
      "x": 703.666666666667,
      "y": 3141.66666666667
    },
    {
      "id": 4,
      "height": 16.5,
      "width": 1215,
      "x": 864.5,
      "y": 3142
    }
  ]
}